main,,,
Case Name,Application,Task,Data
argon-bubble,Physics,Workflow; Volume Representation; Color Mapping,Scalar Fields
chameleon_isosurface,Biology,Workflow; Value-Based Selection; Color Mapping; View / Rendering Manipulation,Scalar Fields
foot,Medical Science,Workflow; Scientific Insights; Volume Representation; Color Mapping,Scalar Fields
miranda,Physics,Workflow; Volume Representation; Color Mapping,Scalar Fields
supernova,Astronomy,Workflow; Value-Based Selection; Color Mapping,Scalar Fields
vortex,Physics,Workflow; Value-Based Selection; View / Rendering Manipulation,Scalar Fields
bonsai,Biology,Workflow; Volume Representation; Color Mapping,Scalar Fields
chameleon_volvis,Biology,Workflow; Volume Representation; Color Mapping; View / Rendering Manipulation,Scalar Fields
richtmyer,Physics,Workflow; Volume Representation; Color Mapping,Scalar Fields
tangaroa,Physics,Workflow; Time-Dependent Processing; Geometric Primitives,Vector Fields
carp,Biology,Workflow; Scientific Insights; Volume Representation; Color Mapping; View / Rendering Manipulation,Scalar Fields
engine,Others,Workflow; Volume Representation; Color Mapping,Scalar Fields
lobster,Biology,Workflow; Scientific Insights; Value-Based Selection; Color Mapping,Scalar Fields
rotstrat,Physics,Workflow; Volume Representation; Color Mapping,Scalar Fields
solar-plume,Astronomy,Workflow; Time-Dependent Processing; Geometric Primitives; Glyph-Based Representation,Vector Fields
tornado,Physics,Workflow; Time-Dependent Processing; Glyph-Based Representation; Geometric Primitives,Vector Fields
,,,
chatvis_bench,,,
Case Name,Application,Task,Data
chart-opacity,Mathematics,Workflow; Plot Drawing; Scalar Operations,Scalar Fields
export-gltf,Others,Workflow; Structural Operations; Color Mapping,Scalar Fields
ml-dvr,Others,Workflow; Volume Representation; Color Mapping,Scalar Fields
shrink-sphere,Mathematics,Workflow; Geometric Modification; Topological Changes,Scalar Fields
write-ply,Others,Workflow; Structural Operations,Scalar Fields
climate,Earth System Science,Workflow; Field Derivatives; Glyph-Based Representation; Geometric Primitives; Color Mapping,Vector Fields
import-gltf,Others,Workflow; Structural Operations; View / Rendering Manipulation,Scalar Fields
ml-iso,Others,Workflow; Value-Based Selection,Scalar Fields
render-histogram,Mathematics,Workflow; Plot Drawing; Scalar Operations,Scalar Fields
stream-glyph,Physics,Workflow; Time-Dependent Processing; Glyph-Based Representation; Geometric Primitives; Color Mapping,Vector Fields
color-blocks,Others,Workflow; Color Mapping; Structural Operations,Multi-variate
line-plot,Physics,Workflow; Plot Drawing; Sampling,Multi-variate
ml-slice-iso,Others,Workflow; Spatial/temporal Extraction; Geometric Primitives,Scalar Fields
reset-camera-direction,Mathematics,Workflow; View / Rendering Manipulation,Scalar Fields
subseries-of-time-series,Physics,Workflow; Spatial/temporal Extraction; Structural Operations; Time-Dependent Processing,Scalar Fields; Time-varying
color-data,Mathematics,Workflow; Scalar Operations; Color Mapping,Scalar Fields
materials,Physics,Workflow; Spatial/temporal Extraction; Value-Based Selection; Color Mapping,Scalar Fields
points-surf-clip,Mathematics,Workflow; Topological Changes; Spatial/temporal Extraction,Scalar Fields
save-transparent,Others,Workflow; View / Rendering Manipulation,Scalar Fields
time-varying,Physics,Workflow; Time-Dependent Processing; Color Mapping; Scalar Operations,Scalar Fields; Time-varying
,,,
sci_volume_data,,,
Case Name,Application,Task,Data
aneurism,Medical Science,Atomic operation; Object identification; Volume Representation; Color Mapping,Scalar Fields
christmas_tree,Others,Atomic operation; Object identification; Volume Representation; Color Mapping,Scalar Fields
hydrogen_atom,Physics,Atomic operation; Object identification; Volume Representation; Color Mapping,Scalar Fields
neghip,Chemistry,Atomic operation; Object identification; Volume Representation; Color Mapping,Scalar Fields
silicium,Physics,Atomic operation; Object identification; Volume Representation; Color Mapping,Scalar Fields
tornado,Physics,Atomic operation; Object identification; Volume Representation; Color Mapping,Scalar Fields
backpack,Others,Atomic operation; Object identification; Volume Representation; Color Mapping,Scalar Fields
csafe_heptane,Physics,Atomic operation; Object identification; Volume Representation; Color Mapping,Scalar Fields
lobster,Biology,Atomic operation; Object identification; Volume Representation; Color Mapping,Scalar Fields
neocortical_layer_1_axons,Biology,Atomic operation; Object identification; Volume Representation; Color Mapping,Scalar Fields
skull,Medical Science,Atomic operation; Object identification; Volume Representation; Color Mapping,Scalar Fields
vertebra,Medical Science,Atomic operation; Object identification; Volume Representation; Color Mapping,Scalar Fields
blunt_fin,Physics,Atomic operation; Object identification; Volume Representation; Color Mapping,Scalar Fields
duct,Physics,Atomic operation; Object identification; Volume Representation; Color Mapping,Scalar Fields
marmoset_neurons,Biology,Atomic operation; Object identification; Volume Representation; Color Mapping,Scalar Fields
nucleon,Physics,Atomic operation; Object identification; Volume Representation; Color Mapping,Scalar Fields
statue_leg,Others,Atomic operation; Object identification; Volume Representation; Color Mapping,Scalar Fields
vis_male,Medical Science,Atomic operation; Object identification; Volume Representation; Color Mapping,Scalar Fields
bonsai,Biology,Atomic operation; Object identification; Volume Representation; Color Mapping,Scalar Fields
engine,Others,Atomic operation; Object identification; Volume Representation; Color Mapping,Scalar Fields
marschner_lobb,Mathematics,Atomic operation; Object identification; Volume Representation; Color Mapping,Scalar Fields
pancreas,Medical Science,Atomic operation; Object identification; Volume Representation; Color Mapping,Scalar Fields
stent,Medical Science,Atomic operation; Object identification; Volume Representation; Color Mapping,Scalar Fields
zeiss,Others,Atomic operation; Object identification; Volume Representation; Color Mapping,Scalar Fields
boston_teapot,Others,Atomic operation; Object identification; Volume Representation; Color Mapping,Scalar Fields
foot,Medical Science,Atomic operation; Object identification; Volume Representation; Color Mapping,Scalar Fields
mri_ventricles,Medical Science,Atomic operation; Object identification; Volume Representation; Color Mapping,Scalar Fields
present,Others,Atomic operation; Object identification; Volume Representation; Color Mapping,Scalar Fields
supernova,Astronomy,Atomic operation; Object identification; Volume Representation; Color Mapping,Scalar Fields
bunny,Others,Atomic operation; Object identification; Volume Representation; Color Mapping,Scalar Fields
frog,Biology,Atomic operation; Object identification; Volume Representation; Color Mapping,Scalar Fields
mri_woman,Medical Science,Atomic operation; Object identification; Volume Representation; Color Mapping,Scalar Fields
prone,Medical Science,Atomic operation; Object identification; Volume Representation; Color Mapping,Scalar Fields
tacc_turbulence,Physics,Atomic operation; Object identification; Volume Representation; Color Mapping,Scalar Fields
carp,Biology,Atomic operation; Object identification; Volume Representation; Color Mapping,Scalar Fields
fuel,Physics,Atomic operation; Object identification; Volume Representation; Color Mapping,Scalar Fields
mrt_angio,Medical Science,Atomic operation; Object identification; Volume Representation; Color Mapping,Scalar Fields
shockwave,Physics,Atomic operation; Object identification; Volume Representation; Color Mapping,Scalar Fields
tooth,Medical Science,Atomic operation; Object identification; Volume Representation; Color Mapping,Scalar Fields
,,,
topology,,,
Case Name,Application,Task,Data
dragon,Mathematics,Workflow; Scientific Insights; Field Derivatives; Scalar Operations,Scalar Fields
QMCPack,Mathematics; Physics,Workflow; Scientific Insights; Field Derivatives; Scalar Operations,Scalar Fields
,,,
bioimage_data,,,
Case Name,Application,Task,Data
open_file - Load a multi-dimensional image file (T; Z; Y; X; C),Biology,Atomic operation; Structural Operations,Scalar Fields; Multi-variate
delete layers - Delete all loaded layers from the viewer,Biology,Atomic operation; Structural Operations,Scalar Fields; Multi-variate; Time-varying
open_file - Load a single image file,Biology,Atomic operation; Structural Operations,Scalar Fields; Multi-variate; Time-varying
list_layers - Get information about loaded layers,Biology,Atomic operation; Scalar Operations,Scalar Fields; Multi-variate; Time-varying
Z-stack Navigation - Scroll through different depths,Biology,Atomic operation; Spatial/temporal Extraction,Scalar Fields; Multi-variate; Time-varying
Time Series Navigation - Navigate through time points,Biology,Atomic operation; Time-Dependent Processing,Scalar Fields; Multi-variate; Time-varying
set_colormap - Change layer colormap,Biology,Atomic operation; Color Mapping,Scalar Fields; Multi-variate; Time-varying
set_opacity - Adjust layer transparency,Biology,Atomic operation; Color Mapping,Scalar Fields; Multi-variate; Time-varying
set_blending - Change layer blending mode,Biology,Atomic operation; Color Mapping,Scalar Fields; Multi-variate; Time-varying
auto_contrast - Auto-adjust contrast,Biology,Atomic operation; Smoothing & enhancement,Scalar Fields; Multi-variate; Time-varying
set_contrast_limits - Set specific contrast limits,Biology,Atomic operation; Color Mapping,Scalar Fields; Multi-variate; Time-varying
set_gamma - Adjust gamma correction,Biology,Atomic operation; Color Mapping,Scalar Fields; Multi-variate; Time-varying
set_interpolation - Change interpolation mode,Biology,Atomic operation; Smoothing & enhancement,Scalar Fields; Multi-variate; Time-varying
toggle_view - Switch between 2D and 3D view,Biology,Atomic operation; View / Rendering Manipulation,Scalar Fields; Multi-variate; Time-varying
get_dims_info - Get dimension information,Biology,Atomic operation; Scalar Operations,Scalar Fields; Multi-variate; Time-varying
get_camera - Get current camera settings,Biology,Atomic operation; View / Rendering Manipulation,Scalar Fields; Multi-variate; Time-varying
reset_camera - Reset camera to default view,Biology,Atomic operation; View / Rendering Manipulation,Scalar Fields; Multi-variate; Time-varying
set_camera - Adjust camera settings,Biology,Atomic operation; View / Rendering Manipulation,Scalar Fields; Multi-variate; Time-varying
set_layer_visibility - Toggle layer visibility,Biology,Atomic operation; Spatial/temporal Extraction,Scalar Fields; Multi-variate; Time-varying
set_layer_visibility - Show layer again,Biology,Atomic operation; Spatial/temporal Extraction,Scalar Fields; Multi-variate; Time-varying
screenshot - Take a screenshot,Biology,Atomic operation; View / Rendering Manipulation,Scalar Fields; Multi-variate; Time-varying
add_shapes - Add shape annotations,Biology,Atomic operation; Glyph-Based Representation,Scalar Fields; Multi-variate; Time-varying
set_scale_bar - Show scale bar,Biology,Atomic operation; Glyph-Based Representation,Scalar Fields; Multi-variate; Time-varying
screenshot - Save screenshot to file,Biology,Atomic operation; View / Rendering Manipulation,Scalar Fields; Multi-variate; Time-varying
save_layers - Save layer to file,Biology,Atomic operation; Structural Operations,Scalar Fields; Multi-variate; Time-varying
remove_layer - Remove a layer,Biology,Atomic operation; Structural Operations,Scalar Fields; Multi-variate; Time-varying
Error handling - Try to load non-existent file,Biology,Atomic operation; Structural Operations,Scalar Fields; Multi-variate; Time-varying
Error handling - Try to remove non-existent layer,Biology,Atomic operation; Structural Operations,Scalar Fields; Multi-variate; Time-varying
3D View and Iso-surface Rendering,Biology,Atomic operation; Value-Based Selection; Volume Representation,Scalar Fields; Multi-variate; Time-varying
Cleanup - Remove remaining test layers,Biology,Atomic operation; Structural Operations,Scalar Fields; Multi-variate; Time-varying
Iso surface determination for a target,Biology,Workflow; Value-Based Selection; View / Rendering Manipulation,Scalar Fields; Multi-variate
Recreate a figure from a dataset,Biology,Workflow; Color Mapping; Smoothing & enhancement,Scalar Fields; Multi-variate
Cell Counting and Measurement Analysis,Biology,Workflow; Scalar Operations; Glyph-Based Representation; Advanced Computations,Scalar Fields; Multi-variate
Statistical Analysis and Data Export,Biology,Workflow; Scalar Operations; Structural Operations,Scalar Fields; Multi-variate
Annotation and Measurement Workflow,Biology,Workflow; Glyph-Based Representation; Advanced Computations,Scalar Fields; Multi-variate
Time Series Analysis (if applicable),Biology,Workflow; Time-Dependent Processing; Scalar Operations,Scalar Fields; Multi-variate
Data Cropping and Region of Interest Analysis,Biology,Workflow; Spatial/temporal Extraction; Scalar Operations,Scalar Fields; Multi-variate
Cleanup - Reset for next test run,Biology,Workflow; Structural Operations,Scalar Fields; Multi-variate
Multi-channel Overlay with Colormaps with channels,Biology,Workflow; Color Mapping; Structural Operations,Scalar Fields; Multi-variate
Hide All Channels Except for the Channel with the Cells,Biology,Workflow; Spatial/temporal Extraction,Scalar Fields; Multi-variate
Contrast and Gamma Adjustment to Display Nucleus,Biology,Workflow; Color Mapping; Smoothing & enhancement,Scalar Fields; Multi-variate
Advanced 3D Camera Control and Navigation,Biology,Workflow; View / Rendering Manipulation,Scalar Fields; Multi-variate
Iso-surface Threshold Adjustment,Biology,Workflow; Value-Based Selection; Volume Representation,Scalar Fields; Multi-variate
Cleanup - Reset for next test run,Biology,Workflow; Structural Operations,Scalar Fields; Multi-variate
,,,
molecular_vis,,,
Case Name,Application,Task,Data
Loading a CIF file,Chemistry,Atomic operation; Structural Operations,Multi-variate
Basic visualization - Van der Waals representation,Chemistry,Atomic operation; Glyph-Based Representation,Multi-variate
Licorice representation,Chemistry,Atomic operation; Geometric Primitives,Multi-variate
Coloring by element,Chemistry,Atomic operation; Color Mapping,Multi-variate
Coloring by chain,Chemistry,Atomic operation; Color Mapping,Multi-variate
Coloring by residue type,Chemistry,Atomic operation; Color Mapping,Multi-variate
Selecting and coloring specific residues,Chemistry,Atomic operation; Spatial/temporal Extraction; Color Mapping,Multi-variate
Selecting specific atoms,Chemistry,Atomic operation; Spatial/temporal Extraction,Multi-variate
Multiple representations,Chemistry,Atomic operation; Geometric Primitives; Glyph-Based Representation,Multi-variate
Material properties - Opaque,Chemistry,Atomic operation; View / Rendering Manipulation,Multi-variate
Changing representation radius,Chemistry,Atomic operation; Geometric Primitives,Multi-variate
Coloring by B-factor (temperature factor),Chemistry,Atomic operation; Color Mapping,Multi-variate
Selecting water molecules,Chemistry,Atomic operation; Spatial/temporal Extraction,Multi-variate
Coloring by charge,Chemistry,Atomic operation; Color Mapping,Multi-variate
Coloring by hydrophobicity,Chemistry,Atomic operation; Color Mapping,Multi-variate
Selecting and highlighting active site,Chemistry,Atomic operation; Spatial/temporal Extraction; Advanced Computations; Color Mapping,Multi-variate
Selecting protein vs non-protein,Chemistry,Atomic operation; Spatial/temporal Extraction; Color Mapping,Multi-variate
Changing background color,Chemistry,Atomic operation; View / Rendering Manipulation,Multi-variate
Selecting specific atom types in a range,Chemistry,Atomic operation; Spatial/temporal Extraction; Color Mapping,Multi-variate
Selecting atoms within distance,Chemistry,Atomic operation; Spatial/temporal Extraction; Advanced Computations; Color Mapping,Multi-variate
Selecting and hiding specific residues,Chemistry,Atomic operation; Spatial/temporal Extraction,Multi-variate
Selecting and showing only specific atoms,Chemistry,Atomic operation; Spatial/temporal Extraction,Multi-variate
Selecting and showing only backbone,Chemistry,Atomic operation; Spatial/temporal Extraction; Geometric Primitives,Multi-variate
Selecting and showing only side chains,Chemistry,Atomic operation; Spatial/temporal Extraction; Glyph-Based Representation,Multi-variate
Selecting aromatic residues,Chemistry,Atomic operation; Spatial/temporal Extraction; Color Mapping,Multi-variate
Selecting charged residues,Chemistry,Atomic operation; Spatial/temporal Extraction; Color Mapping,Multi-variate
Multiple selections with different representations,Chemistry,Atomic operation; Spatial/temporal Extraction; Geometric Primitives; Glyph-Based Representation; Color Mapping,Multi-variate
Selecting and coloring by atom selection - backbone with sidechain by element,Chemistry,Atomic operation; Spatial/temporal Extraction; Geometric Primitives; Glyph-Based Representation; Color Mapping,Multi-variate
Selecting and coloring by distance from specific atom,Chemistry,Atomic operation; Spatial/temporal Extraction; Advanced Computations; Color Mapping,Multi-variate
Coloring by atom selection with multiple criteria,Chemistry,Atomic operation; Spatial/temporal Extraction; Color Mapping,Multi-variate
Selecting and coloring by atom property,Chemistry,Atomic operation; Spatial/temporal Extraction; Color Mapping,Multi-variate
Coloring by residue number,Chemistry,Atomic operation; Color Mapping,Multi-variate
Selecting and coloring by atom type in specific region,Chemistry,Atomic operation; Spatial/temporal Extraction; Color Mapping,Multi-variate
Selecting and coloring by atom selection - element and residue combination,Chemistry,Atomic operation; Spatial/temporal Extraction; Color Mapping,Multi-variate
Selecting and coloring by atom selection - distance-based with element filter,Chemistry,Atomic operation; Spatial/temporal Extraction; Advanced Computations; Color Mapping,Multi-variate
Selecting and coloring by atom selection - backbone with sidechain by element,Chemistry,Atomic operation; Spatial/temporal Extraction; Geometric Primitives; Color Mapping,Multi-variate
Selecting and coloring by atom selection - complex distance and element,Chemistry,Atomic operation; Spatial/temporal Extraction; Advanced Computations; Color Mapping,Multi-variate
Selecting and coloring by atom selection - multiple criteria,Chemistry,Atomic operation; Spatial/temporal Extraction; Color Mapping,Multi-variate
Selecting and coloring by atom selection - complex multi-criteria,Chemistry,Atomic operation; Spatial/temporal Extraction; Advanced Computations; Color Mapping,Multi-variate
Selecting and showing only CA atoms,Chemistry,Atomic operation; Spatial/temporal Extraction; Sampling,Multi-variate
Selecting and showing only heteroatoms,Chemistry,Atomic operation; Spatial/temporal Extraction,Multi-variate
Selecting and coloring by atom selection - multiple element types,Chemistry,Atomic operation; Spatial/temporal Extraction; Color Mapping,Multi-variate
curved-membrane,Chemistry; Biology,Workflow; Scientific Insights; Spatial/temporal Extraction; Color Mapping; View / Rendering Manipulation; Glyph-Based Representation,Multi-variate
ras-raf-membrane,Chemistry; Biology,Workflow; Scientific Insights; Spatial/temporal Extraction; Color Mapping; View / Rendering Manipulation; Glyph-Based Representation; Value-Based Selection,Multi-variate